{"v":"5.5.6","fr":15,"ip":0,"op":45,"w":750,"h":1334,"nm":"背景","ddd":0,"assets":[{"id":"image_0","w":110,"h":128,"u":"images/","p":"img_0.png","e":0},{"id":"image_1","w":350,"h":236,"u":"images/","p":"img_1.png","e":0},{"id":"image_2","w":729,"h":752,"u":"images/","p":"img_2.png","e":0}],"layers":[{"ddd":0,"ind":1,"ty":2,"nm":"矢量智能对象.png","cl":"png","refId":"image_0","sr":1,"ks":{"o":{"a":0,"k":100},"r":{"a":0,"k":0},"p":{"a":1,"k":[{"i":{"x":0.833,"y":0.833},"o":{"x":0.167,"y":0.167},"t":0,"s":[-300,487,0],"e":[184,685,0],"to":[80.667,33,0],"ti":[-80.667,-33,0]},{"t":10}]},"a":{"a":0,"k":[55,64,0]},"s":{"a":1,"k":[{"i":{"x":[0.833,0.833,0.833],"y":[0.833,0.833,0.833]},"o":{"x":[0.167,0.167,0.167],"y":[0.167,0.167,0.167]},"t":0,"s":[140,140,100],"e":[140,140,100]},{"t":10}]}},"ao":0,"ip":0,"op":45,"st":0,"cp":false,"bm":0},{"ddd":0,"ind":2,"ty":2,"nm":"蓝牙","refId":"image_1","sr":1,"ks":{"o":{"a":0,"k":100},"r":{"a":0,"k":0},"p":{"a":1,"k":[{"i":{"x":0.833,"y":0.833},"o":{"x":0.167,"y":0.167},"t":0,"s":[1311,873,0],"e":[473,977,0],"to":[-139.667,17.333,0],"ti":[151.295,-7.38,0]},{"i":{"x":0.833,"y":0.833},"o":{"x":0.167,"y":0.167},"t":10,"s":[473,977,0],"e":[469,705,0],"to":[-13.667,0.667,0],"ti":[0.667,-1.333,0]},{"i":{"x":0.833,"y":0.833},"o":{"x":0.167,"y":0.167},"t":16,"s":[469,705,0],"e":[469,985,0],"to":[-0.667,1.333,0],"ti":[0,0,0]},{"i":{"x":0.833,"y":0.833},"o":{"x":0.167,"y":0.167},"t":24,"s":[469,985,0],"e":[469,705,0],"to":[0,0,0],"ti":[0,0,0]},{"i":{"x":0.833,"y":0.833},"o":{"x":0.167,"y":0.167},"t":32,"s":[469,705,0],"e":[469,985,0],"to":[0,0,0],"ti":[0,-46.667,0]},{"t":40}]},"a":{"a":0,"k":[175,118,0]},"s":{"a":1,"k":[{"i":{"x":[0.833,0.833,0.833],"y":[0.833,0.833,0.833]},"o":{"x":[0.167,0.167,0.167],"y":[0.167,0.167,0.167]},"t":0,"s":[110,110,100],"e":[110,110,100]},{"i":{"x":[0.833,0.833,0.833],"y":[0.833,0.833,0.833]},"o":{"x":[0.167,0.167,0.167],"y":[0.167,0.167,0.167]},"t":10,"s":[110,110,100],"e":[110,113.39,100]},{"i":{"x":[0.833,0.833,0.833],"y":[0.833,0.833,0.833]},"o":{"x":[0.167,0.167,0.167],"y":[0.167,0.167,0.167]},"t":16,"s":[110,113.39,100],"e":[110,113.39,100]},{"i":{"x":[0.833,0.833,0.833],"y":[0.833,0.833,0.833]},"o":{"x":[0.167,0.167,0.167],"y":[0.167,0.167,0.167]},"t":24,"s":[110,113.39,100],"e":[110,113.39,100]},{"i":{"x":[0.833,0.833,0.833],"y":[0.833,0.833,0.833]},"o":{"x":[0.167,0.167,0.167],"y":[0.167,0.167,0.167]},"t":32,"s":[110,113.39,100],"e":[110,113.39,100]},{"t":40}]}},"ao":0,"ip":0,"op":45,"st":0,"cp":false,"bm":0},{"ddd":0,"ind":3,"ty":2,"nm":"手机.png","cl":"png","refId":"image_2","sr":1,"ks":{"o":{"a":0,"k":100},"r":{"a":0,"k":0},"p":{"a":1,"k":[{"i":{"x":0.833,"y":0.833},"o":{"x":0.167,"y":0.167},"t":-7,"s":[1779,837,0],"e":[1202.601,883.2,0],"to":[-100.851,16.145,0],"ti":[235.953,-37.773,0]},{"i":{"x":0.833,"y":0.833},"o":{"x":0.167,"y":0.167},"t":0,"s":[1202.601,883.2,0],"e":[396.601,929.2,0],"to":[-119.668,19.157,0],"ti":[0,0,0]},{"t":10}]},"a":{"a":0,"k":[364.5,376,0]},"s":{"a":1,"k":[{"i":{"x":[0.833,0.833,0.833],"y":[0.833,0.833,0.833]},"o":{"x":[0.167,0.167,0.167],"y":[0.167,0.167,0.167]},"t":-7,"s":[100,100,100],"e":[100,100,100]},{"i":{"x":[0.833,0.833,0.833],"y":[0.833,0.833,0.833]},"o":{"x":[0.167,0.167,0.167],"y":[0.167,0.167,0.167]},"t":0,"s":[100,100,100],"e":[100,100,100]},{"t":10}]}},"ao":0,"ip":0,"op":45,"st":-7,"cp":false,"bm":0}],"markers":[],"mb":{"sa":180,"sp":-90,"spf":16,"asl":128}}